[
	{
		"ID": "cannon_beliere",
		"type": "normal",
		"name": "Beliere cannons",
		"price": 39000,
		"durability": 90,
		"damage": 54,
		"penetration": 22,
		"max_range": 520,
		"min_range": 260,
		"speed": 7,
		"explosion": 2,
		"reload_speed": 3

	},
	{
		"ID": "cannon_carronade",
		"type": "normal",
		"name": "Carronades",
		"price": 7250,
		"durability": 90,
		"damage": 64,
		"penetration": 27,
		"max_range": 340,
		"min_range": 170,
		"speed": 9,
		"explosion": 3,
		"reload_speed": 4

	},
	{
		"ID": "cannon_culverin",
		"type": "normal",
		"name": "Culverins",
		"price": 27260,
		"durability": 90,
		"damage": 34,
		"penetration": 12,
		"max_range": 600,
		"min_range": 300,
		"speed": 6,
		"explosion": 2,
		"reload_speed": 3

	},
	{
		"ID": "cannon_demicannon",
		"type": "normal",
		"name": "Demicannons",
		"price": 25800,
		"durability": 90,
		"damage": 44,
		"penetration": 17,
		"max_range": 480,
		"min_range": 240,
		"speed": 7,
		"explosion": 3,
		"reload_speed": 5

	},
	{
		"ID": "cannon_demiculverin",
		"type": "normal",
		"name": "Demi-culverins",
		"price": 4000,
		"durability": 90,
		"damage": 30,
		"penetration": 10,
		"max_range": 600,
		"min_range": 300,
		"speed": 5,
		"explosion": 2,
		"reload_speed": 4

	},
	{
		"ID": "cannon_falcon",
		"type": "normal",
		"name": "Falcon cannons",
		"price": 1000,
		"durability": 90,
		"damage": 30,
		"penetration": 10,
		"max_range": 360,
		"min_range": 180,
		"speed": 8,
		"explosion": 1,
		"reload_speed": 6

	},
	{
		"ID": "cannon_howitzer",
		"type": "normal",
		"name": "Howitzers",
		"price": 9100,
		"durability": 90,
		"damage": 44,
		"penetration": 17,
		"max_range": 400,
		"min_range": 200,
		"speed": 4,
		"explosion": 4,
		"reload_speed": 3

	},
	{
		"ID": "cannon_titans",
		"type": "normal",
		"name": "Titans",
		"price": 9650,
		"durability": 80,
		"damage": 100,
		"penetration": 38,
		"max_range": 280,
		"min_range": 140,
		"speed": 8,
		"explosion": 2,
		"reload_speed": 3

	},
	{
		"ID": "cannon_hyperion",
		"type": "normal",
		"name": "Hyperion cannons",
		"price": 4600,
		"durability": 90,
		"damage": 57,
		"penetration": 24,
		"max_range": 520,
		"min_range": 260,
		"speed": 8,
		"explosion": 1,
		"reload_speed": 3

	},
	{
		"ID": "cannon_minion",
		"type": "normal",
		"name": "Minions",
		"price": 1400,
		"durability": 90,
		"damage": 34,
		"penetration": 12,
		"max_range": 400,
		"min_range": 200,
		"speed": 7,
		"explosion": 1,
		"reload_speed": 5

	},
	{
		"ID": "cannon_pedro",
		"type": "normal",
		"name": "Pedro cannons",
		"price": 45800,
		"durability": 90,
		"damage": 40,
		"penetration": 15,
		"max_range": 440,
		"min_range": 220,
		"speed": 6,
		"explosion": 4,
		"reload_speed": 2

	},
	{
		"ID": "cannon_rapidfire",
		"type": "normal",
		"name": "Rapidfire cannons",
		"price": 4900,
		"durability": 90,
		"damage": 50,
		"penetration": 20,
		"max_range": 280,
		"min_range": 140,
		"speed": 7,
		"explosion": 2,
		"reload_speed": 8

	}
]