[
	{
		"ID" : "food_tallowroast",
		"category" : "Food",
		"type" : "Luxury food",
		"name" : "+Cat tallow roast+",
		"base price" : 1200,
		"desc" : "This is a fine +cat tallow roast+."	
	},
	{
		"ID" : "other_tylenol",
		"category" : "Other",
		"type" : "Medicine",
		"name" : "Tylenol",
		"base price" : 10,
		"desc" : "A single pill of tylenol. I wonder why they bother to put this into a crate..."	
	},
	{	
		"ID" : "luxury_demonicmark",
		"category" : "Luxury",
		"type" : "Artwork",
		"name" : "Demonic Mark",
		"base price" : 666,
		"desc" : "6666666666666666666666"
	},
	{
		"ID" : "rawmaterials_yarn",
		"category" : "Raw materials",
		"type" : "Textiles",
		"name" : "Yarn",
		"base price" : 23,
		"desc" : "It's a nice piece of yarn! No idea why it takes up a whole crate of storage."
	}
]