[
    {
        "ID": "battleship_firstrate",
        "aft cannon slots": 1,
        "armor slots": 3,
        "base armor": 40,
        "cannon slots": 5,
        "desc": "A ship with three cannon decks. It has an immense broadside.",
        "fore cannon slots": 1,
        "lateen": 115,
        "max cannons": 100,
        "max cargo": 545,
        "max durability": 7900,
        "max sailors": 135,
        "max storage": 780,
        "min sailors": 65,
        "name": "First Rate Ship of the Line",
        "price": 25000000,
        "sail slots": 3,
        "size": "large",
        "specialization": "military",
        "square": 250,
        "turning": 7,
        "wave resistance": 7
    },
    {
        "ID": "battleship_armored",
        "aft cannon slots": 1,
        "armor slots": 3,
        "base armor": 36,
        "cannon slots": 5,
        "desc": "A battleship with reinforced, thicker armor. It trades away cargo capacity for more armor and cannons.",
        "fore cannon slots": 1,
        "lateen": 110,
        "max cannons": 92,
        "max cargo": 516,
        "max durability": 7200,
        "max sailors": 112,
        "max storage": 720,
        "min sailors": 56,
        "name": "Armored Ship of the Line",
        "price": 22000000,
        "sail slots": 4,
        "size": "large",
        "specialization": "military",
        "square": 230,
        "turning": 7,
        "wave resistance": 7
    },
    {
        "ID": "galleon_heavy",
        "aft cannon slots": 1,
        "armor slots": 3,
        "base armor": 34,
        "cannon slots": 4,
        "desc": "",
        "fore cannon slots": 1,
        "lateen": 110,
        "max cannons": 72,
        "max cargo": 583,
        "max durability": 7000,
        "max sailors": 105,
        "max storage": 760,
        "min sailors": 58,
        "name": "Heavy Galleon",
        "price": 8600000,
        "sail slots": 4,
        "size": "large",
        "specialization": "military",
        "square": 240,
        "turning": 9,
        "wave resistance": 8
    },
    {
        "ID": "galleon_large",
        "aft cannon slots": 1,
        "armor slots": 3,
        "base armor": 33,
        "cannon slots": 4,
        "desc": "",
        "fore cannon slots": 1,
        "lateen": 115,
        "max cannons": 66,
        "max cargo": 615,
        "max durability": 6500,
        "max sailors": 90,
        "max storage": 771,
        "min sailors": 50,
        "name": "Large Galleon",
        "price": 8000000,
        "sail slots": 4,
        "size": "large",
        "specialization": "storage",
        "square": 255,
        "turning": 9,
        "wave resistance": 9
    },
    {
        "ID": "battleship",
        "aft cannon slots": 1,
        "armor slots": 3,
        "base armor": 30,
        "cannon slots": 5,
        "desc": "A large battleship specialized for combat. It boasts more cannons than any other class of ship.",
        "fore cannon slots": 1,
        "lateen": 110,
        "max cannons": 80,
        "max cargo": 500,
        "max durability": 6800,
        "max sailors": 100,
        "max storage": 680,
        "min sailors": 55,
        "name": "Ship of the Line",
        "price": 18000000,
        "sail slots": 4,
        "size": "large",
        "specialization": "military",
        "square": 230,
        "turning": 8,
        "wave resistance": 7
    },
    {
        "ID": "galleon_naval",
        "aft cannon slots": 1,
        "armor slots": 3,
        "base armor": 26,
        "cannon slots": 4,
        "desc": "",
        "fore cannon slots": 1,
        "lateen": 115,
        "max cannons": 60,
        "max cargo": 478,
        "max durability": 6400,
        "max sailors": 72,
        "max storage": 610,
        "min sailors": 50,
        "name": "Naval Galleon",
        "price": 4600000,
        "sail slots": 3,
        "size": "large",
        "specialization": "military",
        "square": 210,
        "turning": 10,
        "wave resistance": 6
    },
    {
        "ID": "galleon_bombardier",
        "aft cannon slots": 1,
        "armor slots": 3,
        "base armor": 32,
        "cannon slots": 4,
        "desc": "",
        "fore cannon slots": 1,
        "lateen": 115,
        "max cannons": 64,
        "max cargo": 598,
        "max durability": 6400,
        "max sailors": 88,
        "max storage": 750,
        "min sailors": 40,
        "name": "Bombardier Galleon",
        "price": 6600000,
        "sail slots": 4,
        "size": "large",
        "specialization": "military",
        "square": 225,
        "turning": 7,
        "wave resistance": 9
    },
    {
        "ID": "frigate_royal",
        "aft cannon slots": 1,
        "armor slots": 3,
        "base armor": 26,
        "cannon slots": 5,
        "desc": "",
        "fore cannon slots": 0,
        "lateen": 157,
        "max cannons": 54,
        "max cargo": 617,
        "max durability": 2900,
        "max sailors": 75,
        "max storage": 746,
        "min sailors": 40,
        "name": "Regal Frigate",
        "price": 15000000,
        "sail slots": 3,
        "size": "large",
        "specialization": "military",
        "square": 278,
        "turning": 11,
        "wave resistance": 11
    },
    {
        "ID": "carrack_heavy",
        "aft cannon slots": 1,
        "armor slots": 3,
        "base armor": 25,
        "cannon slots": 4,
        "desc": "",
        "fore cannon slots": 1,
        "lateen": 180,
        "max cannons": 48,
        "max cargo": 492,
        "max durability": 4700,
        "max sailors": 120,
        "max storage": 660,
        "min sailors": 50,
        "name": "Heavy Carrack",
        "price": 3000000,
        "sail slots": 3,
        "size": "large",
        "specialization": "military",
        "square": 90,
        "turning": 8,
        "wave resistance": 6
    },
    {
        "ID": "galleon",
        "aft cannon slots": 1,
        "armor slots": 3,
        "base armor": 24,
        "cannon slots": 4,
        "desc": "",
        "fore cannon slots": 1,
        "lateen": 120,
        "max cannons": 40,
        "max cargo": 560,
        "max durability": 5600,
        "max sailors": 68,
        "max storage": 668,
        "min sailors": 40,
        "name": "Galleon",
        "price": 4500000,
        "sail slots": 3,
        "size": "large",
        "specialization": "storage",
        "square": 225,
        "turning": 9,
        "wave resistance": 7
    },
    {
        "ID": "turtle",
        "aft cannon slots": 1,
        "armor slots": 3,
        "base armor": 22,
        "cannon slots": 4,
        "desc": "",
        "fore cannon slots": 1,
        "lateen": 230,
        "max cannons": 72,
        "max cargo": 498,
        "max durability": 6300,
        "max sailors": 140,
        "max storage": 710,
        "min sailors": 84,
        "name": "Turtle Ship",
        "price": 10800000,
        "sail slots": 2,
        "size": "large",
        "specialization": "military",
        "square": 90,
        "turning": 9,
        "wave resistance": 1
    },
    {
        "ID": "frigate_heavy",
        "aft cannon slots": 1,
        "armor slots": 2,
        "base armor": 22,
        "cannon slots": 3,
        "desc": "",
        "fore cannon slots": 1,
        "lateen": 110,
        "max cannons": 42,
        "max cargo": 259,
        "max durability": 3900,
        "max sailors": 64,
        "max storage": 365,
        "min sailors": 22,
        "name": "Heavy Frigate",
        "price": 5250000,
        "sail slots": 3,
        "size": "medium",
        "specialization": "military",
        "square": 220,
        "turning": 11,
        "wave resistance": 8
    },
    {
        "ID": "frigate",
        "aft cannon slots": 1,
        "armor slots": 2,
        "base armor": 22,
        "cannon slots": 3,
        "desc": "",
        "fore cannon slots": 0,
        "lateen": 110,
        "max cannons": 32,
        "max cargo": 253,
        "max durability": 2900,
        "max sailors": 35,
        "max storage": 320,
        "min sailors": 20,
        "name": "Frigate",
        "price": 2160000,
        "sail slots": 3,
        "size": "medium",
        "specialization": "military",
        "square": 220,
        "turning": 12,
        "wave resistance": 8
    },
    {
        "ID": "carrack_large",
        "aft cannon slots": 1,
        "armor slots": 3,
        "base armor": 20,
        "cannon slots": 3,
        "desc": "",
        "fore cannon slots": 0,
        "lateen": 195,
        "max cannons": 36,
        "max cargo": 419,
        "max durability": 4200,
        "max sailors": 85,
        "max storage": 540,
        "min sailors": 35,
        "name": "Large Carrack",
        "price": 1800000,
        "sail slots": 3,
        "size": "large",
        "specialization": "storage",
        "square": 100,
        "turning": 9,
        "wave resistance": 7
    },
    {
        "ID": "caravel_heavy",
        "aft cannon slots": 0,
        "armor slots": 2,
        "base armor": 18,
        "cannon slots": 3,
        "desc": "",
        "fore cannon slots": 0,
        "lateen": 180,
        "max cannons": 24,
        "max cargo": 311,
        "max durability": 3800,
        "max sailors": 85,
        "max storage": 420,
        "min sailors": 42,
        "name": "Heavy Caravel",
        "price": 1250000,
        "sail slots": 3,
        "size": "medium",
        "specialization": "military",
        "square": 70,
        "turning": 9,
        "wave resistance": 4
    },
    {
        "ID": "caravel_large",
        "aft cannon slots": 0,
        "armor slots": 2,
        "base armor": 18,
        "cannon slots": 3,
        "desc": "A larger version of the caravel. Better suited for sailing in the open sea.",
        "fore cannon slots": 0,
        "lateen": 195,
        "max cannons": 18,
        "max cargo": 322,
        "max durability": 3300,
        "max sailors": 80,
        "max storage": 420,
        "min sailors": 33,
        "name": "Large Caravel",
        "price": 1160000,
        "sail slots": 3,
        "size": "medium",
        "specialization": "storage",
        "square": 70,
        "turning": 10,
        "wave resistance": 4
    },
    {
        "ID": "corvette_flagship",
        "aft cannon slots": 0,
        "armor slots": 2,
        "base armor": 17,
        "cannon slots": 4,
        "desc": "A corvette redesigned to be more resilient and faster, suitable for commanding a fleet.",
        "fore cannon slots": 0,
        "lateen": 205,
        "max cannons": 42,
        "max cargo": 296,
        "max durability": 4800,
        "max sailors": 42,
        "max storage": 380,
        "min sailors": 16,
        "name": "Flagship Corvette",
        "price": 8640000,
        "sail slots": 3,
        "size": "medium",
        "specialization": "military",
        "square": 295,
        "turning": 14,
        "wave resistance": 6
    },
    {
        "ID": "corvette",
        "aft cannon slots": 0,
        "armor slots": 2,
        "base armor": 17,
        "cannon slots": 3,
        "desc": "",
        "fore cannon slots": 0,
        "lateen": 160,
        "max cannons": 30,
        "max cargo": 199,
        "max durability": 3200,
        "max sailors": 46,
        "max storage": 275,
        "min sailors": 15,
        "name": "Corvette",
        "price": 4320000,
        "sail slots": 3,
        "size": "medium",
        "specialization": "military",
        "square": 220,
        "turning": 12,
        "wave resistance": 6
    },
    {
        "ID": "gunboat",
        "aft cannon slots": 1,
        "armor slots": 2,
        "base armor": 16,
        "cannon slots": 2,
        "desc": "A small ship with many guns and heavily armored.",
        "fore cannon slots": 0,
        "lateen": 240,
        "max cannons": 24,
        "max cargo": 141,
        "max durability": 2350,
        "max sailors": 40,
        "max storage": 205,
        "min sailors": 15,
        "name": "Gunboat",
        "price": 2375000,
        "sail slots": 2,
        "size": "small",
        "specialization": "military",
        "square": 25,
        "turning": 13,
        "wave resistance": 6
    },
    {
        "ID": "clipper",
        "aft cannon slots": 1,
        "armor slots": 3,
        "base armor": 16,
        "cannon slots": 3,
        "desc": "",
        "fore cannon slots": 0,
        "lateen": 205,
        "max cannons": 18,
        "max cargo": 506,
        "max durability": 6000,
        "max sailors": 36,
        "max storage": 560,
        "min sailors": 20,
        "name": "Clipper",
        "price": 7800000,
        "sail slots": 4,
        "size": "large",
        "specialization": "speed",
        "square": 295,
        "turning": 10,
        "wave resistance": 10
    },
    {
        "ID": "clipper_large",
        "aft cannon slots": 1,
        "armor slots": 3,
        "base armor": 16,
        "cannon slots": 4,
        "desc": "An absolutely massive clipper. It is the alpha and omega of pure transport ability, though it is outclassed by long schooners in speed. Large Clippers may also equip five extra sails.",
        "fore cannon slots": 1,
        "lateen": 215,
        "max cannons": 20,
        "max cargo": 720,
        "max durability": 7500,
        "max sailors": 60,
        "max storage": 800,
        "min sailors": 28,
        "name": "Large Clipper",
        "price": 11150000,
        "sail slots": 5,
        "size": "large",
        "specialization": "storage",
        "square": 300,
        "turning": 9,
        "wave resistance": 9
    },
    {
        "ID": "schooner_large",
        "aft cannon slots": 1,
        "armor slots": 3,
        "base armor": 15,
        "cannon slots": 3,
        "desc": "",
        "fore cannon slots": 0,
        "lateen": 275,
        "max cannons": 18,
        "max cargo": 502,
        "max durability": 5200,
        "max sailors": 40,
        "max storage": 560,
        "min sailors": 22,
        "name": "Large Schooner",
        "price": 7230000,
        "sail slots": 4,
        "size": "large",
        "specialization": "speed",
        "square": 120,
        "turning": 15,
        "wave resistance": 9
    },
    {
        "ID": "clipper_light",
        "aft cannon slots": 0,
        "armor slots": 2,
        "base armor": 15,
        "cannon slots": 3,
        "desc": "",
        "fore cannon slots": 0,
        "lateen": 177,
        "max cannons": 18,
        "max cargo": 310,
        "max durability": 3500,
        "max sailors": 32,
        "max storage": 360,
        "min sailors": 14,
        "name": "Light Clipper",
        "price": 6000000,
        "sail slots": 3,
        "size": "medium",
        "specialization": "speed",
        "square": 268,
        "turning": 11,
        "wave resistance": 8
    },
    {
        "ID": "schooner",
        "aft cannon slots": 0,
        "armor slots": 2,
        "base armor": 14,
        "cannon slots": 2,
        "desc": "A fast, middle-sized ship made for middling to long journeys.",
        "fore cannon slots": 0,
        "lateen": 265,
        "max cannons": 14,
        "max cargo": 256,
        "max durability": 3000,
        "max sailors": 30,
        "max storage": 300,
        "min sailors": 15,
        "name": "Schooner",
        "price": 2856000,
        "sail slots": 3,
        "size": "medium",
        "specialization": "speed",
        "square": 55,
        "turning": 13,
        "wave resistance": 8
    },
    {
        "ID": "schooner_long",
        "aft cannon slots": 0,
        "armor slots": 3,
        "base armor": 13,
        "cannon slots": 2,
        "desc": "A large schooner with six masts. It uses only fore-and-aft sails, except for the jibs. It has exceptional speed and transportation ability.",
        "fore cannon slots": 0,
        "lateen": 398,
        "max cannons": 20,
        "max cargo": 627,
        "max durability": 6600,
        "max sailors": 43,
        "max storage": 690,
        "min sailors": 25,
        "name": "Long Schooner",
        "price": 11150000,
        "sail slots": 6,
        "size": "large",
        "specialization": "speed",
        "square": 104,
        "turning": 6,
        "wave resistance": 8
    },
    {
        "ID": "schooner_trade",
        "aft cannon slots": 0,
        "armor slots": 2,
        "base armor": 13,
        "cannon slots": 2,
        "desc": "",
        "fore cannon slots": 0,
        "lateen": 250,
        "max cannons": 12,
        "max cargo": 283,
        "max durability": 3050,
        "max sailors": 30,
        "max storage": 325,
        "min sailors": 18,
        "name": "Transport Schooner",
        "price": 2200000,
        "sail slots": 3,
        "size": "medium",
        "specialization": "storage",
        "square": 55,
        "turning": 12,
        "wave resistance": 8
    },
    {
        "ID": "cutter_guard",
        "aft cannon slots": 0,
        "armor slots": 2,
        "base armor": 12,
        "cannon slots": 2,
        "desc": "A cutter that is more heavily armed than usual ones.",
        "fore cannon slots": 0,
        "lateen": 255,
        "max cannons": 14,
        "max cargo": 194,
        "max durability": 2500,
        "max sailors": 32,
        "max storage": 240,
        "min sailors": 18,
        "name": "Guard Cutter",
        "price": 2500000,
        "sail slots": 2,
        "size": "small",
        "specialization": "military",
        "square": 50,
        "turning": 14,
        "wave resistance": 11
    },
    {
        "ID": "cutter",
        "aft cannon slots": 0,
        "armor slots": 2,
        "base armor": 11,
        "cannon slots": 2,
        "desc": "A ship constructed for speed. It is slightly faster than a sloop, but requires more crew.",
        "fore cannon slots": 0,
        "lateen": 270,
        "max cannons": 10,
        "max cargo": 202,
        "max durability": 2300,
        "max sailors": 28,
        "max storage": 240,
        "min sailors": 16,
        "name": "Cutter",
        "price": 2160000,
        "sail slots": 2,
        "size": "small",
        "specialization": "speed",
        "square": 60,
        "turning": 15,
        "wave resistance": 12
    },
    {
        "ID": "carrack",
        "aft cannon slots": 0,
        "armor slots": 2,
        "base armor": 10,
        "cannon slots": 3,
        "desc": "A ship with high castles, fore and aft.",
        "fore cannon slots": 0,
        "lateen": 185,
        "max cannons": 28,
        "max cargo": 286,
        "max durability": 2200,
        "max sailors": 46,
        "max storage": 360,
        "min sailors": 22,
        "name": "Carrack",
        "price": 720000,
        "sail slots": 3,
        "size": "medium",
        "specialization": "general",
        "square": 65,
        "turning": 11,
        "wave resistance": 6
    },
    {
        "ID": "cutter_tug",
        "aft cannon slots": 0,
        "armor slots": 2,
        "base armor": 10,
        "cannon slots": 2,
        "desc": "A cutter fitted with larger sails than normal cutters. Though it was originally made to tug ships into harbor, its increased sails make for a fast ship, too.",
        "fore cannon slots": 0,
        "lateen": 290,
        "max cannons": 10,
        "max cargo": 220,
        "max durability": 2200,
        "max sailors": 30,
        "max storage": 260,
        "min sailors": 18,
        "name": "Tug Cutter",
        "price": 2500000,
        "sail slots": 2,
        "size": "small",
        "specialization": "speed",
        "square": 70,
        "turning": 13,
        "wave resistance": 12
    },
    {
        "ID": "barque_freighting",
        "aft cannon slots": 1,
        "armor slots": 2,
        "base armor": 10,
        "cannon slots": 2,
        "desc": "A ship made for mass transport of goods. It has one the highest transport capabilities of all medium ships, but it is very slow as a result.",
        "fore cannon slots": 0,
        "lateen": 80,
        "max cannons": 16,
        "max cargo": 523,
        "max durability": 3100,
        "max sailors": 71,
        "max storage": 610,
        "min sailors": 20,
        "name": "Freighting Barque",
        "price": 8300000,
        "sail slots": 3,
        "size": "medium",
        "specialization": "storage",
        "square": 205,
        "turning": 10,
        "wave resistance": 7
    },
    {
        "ID": "sloop",
        "aft cannon slots": 0,
        "armor slots": 2,
        "base armor": 8,
        "cannon slots": 1,
        "desc": "A fast, light, small ship. Made for quick transport of goods. It has the advantage that only a small amount of crew is needed to man it.",
        "fore cannon slots": 0,
        "lateen": 270,
        "max cannons": 8,
        "max cargo": 201,
        "max durability": 2100,
        "max sailors": 20,
        "max storage": 229,
        "min sailors": 10,
        "name": "Sloop",
        "price": 718000,
        "sail slots": 2,
        "size": "small",
        "specialization": "speed",
        "square": 30,
        "turning": 14,
        "wave resistance": 6
    },
    {
        "ID": "bergantin",
        "aft cannon slots": 0,
        "armor slots": 1,
        "base armor": 7,
        "cannon slots": 1,
        "desc": "A two-masted ship with lateen sails that was build for close-distance trade.",
        "fore cannon slots": 0,
        "lateen": 145,
        "max cannons": 6,
        "max cargo": 119,
        "max durability": 1000,
        "max sailors": 15,
        "max storage": 140,
        "min sailors": 10,
        "name": "Bergantin",
        "price": 148800,
        "sail slots": 2,
        "size": "small",
        "specialization": "general",
        "square": 20,
        "turning": 14,
        "wave resistance": 4
    },
    {
        "ID": "caravel",
        "aft cannon slots": 0,
        "armor slots": 2,
        "base armor": 6,
        "cannon slots": 2,
        "desc": "",
        "fore cannon slots": 0,
        "lateen": 180,
        "max cannons": 8,
        "max cargo": 192,
        "max durability": 1350,
        "max sailors": 30,
        "max storage": 230,
        "min sailors": 16,
        "name": "Caravel",
        "price": 285000,
        "sail slots": 3,
        "size": "small",
        "specialization": "general",
        "square": 25,
        "turning": 11,
        "wave resistance": 5
    },
    {
        "ID": "caravel_small",
        "aft cannon slots": 0,
        "armor slots": 1,
        "base armor": 6,
        "cannon slots": 1,
        "desc": "A small caravel with exceptional seafaring abilities.",
        "fore cannon slots": 0,
        "lateen": 140,
        "max cannons": 6,
        "max cargo": 109,
        "max durability": 900,
        "max sailors": 15,
        "max storage": 130,
        "min sailors": 7,
        "name": "Small Caravel",
        "price": 92000,
        "sail slots": 2,
        "size": "small",
        "specialization": "general",
        "square": 20,
        "turning": 13,
        "wave resistance": 5
    },
    {
        "ID": "pukka",
        "aft cannon slots": 0,
        "armor slots": 2,
        "base armor": 4,
        "cannon slots": 1,
        "desc": "A small ship that fits three lateen sails. As a result, it not only can carry a lot of goods but also is fast.",
        "fore cannon slots": 0,
        "lateen": 160,
        "max cannons": 8,
        "max cargo": 202,
        "max durability": 1100,
        "max sailors": 40,
        "max storage": 250,
        "min sailors": 16,
        "name": "Pukka",
        "price": 220000,
        "sail slots": 3,
        "size": "small",
        "specialization": "general",
        "square": 35,
        "turning": 10,
        "wave resistance": 3
    },
    {
        "ID": "cog",
        "aft cannon slots": 0,
        "armor slots": 1,
        "base armor": 4,
        "cannon slots": 1,
        "desc": "A small, single-masted ship.",
        "fore cannon slots": 0,
        "lateen": 110,
        "max cannons": 4,
        "max cargo": 68,
        "max durability": 500,
        "max sailors": 8,
        "max storage": 80,
        "min sailors": 4,
        "name": "Cog",
        "price": 24000,
        "sail slots": 1,
        "size": "small",
        "specialization": "general",
        "square": 20,
        "turning": 12,
        "wave resistance": 4
    },
    {
        "ID": "cog_two",
        "aft cannon slots": 0,
        "armor slots": 1,
        "base armor": 4,
        "cannon slots": 1,
        "desc": "A cog with two masts instead of one. It has better transportation capability.",
        "fore cannon slots": 0,
        "lateen": 130,
        "max cannons": 6,
        "max cargo": 124,
        "max durability": 900,
        "max sailors": 20,
        "max storage": 150,
        "min sailors": 8,
        "name": "Two-masted Cog",
        "price": 96000,
        "sail slots": 2,
        "size": "small",
        "specialization": "storage",
        "square": 25,
        "turning": 10,
        "wave resistance": 4
    },
    {
        "ID": "vasa",
        "aft cannon slots": 0,
        "armor slots": 1,
        "base armor": 2,
        "cannon slots": 1,
        "desc": "A small, single-masted ship. It's barely large enough to count as a ship, as it is basically a boat with a mast slapped onto it.",
        "fore cannon slots": 0,
        "lateen": 90,
        "max cannons": 2,
        "max cargo": 43,
        "max durability": 200,
        "max sailors": 5,
        "max storage": 50,
        "min sailors": 2,
        "name": "Vasa",
        "price": 2000,
        "sail slots": 1,
        "size": "small",
        "specialization": "general",
        "square": 5,
        "turning": 14,
        "wave resistance": 2
    }
]